Ticket,Status,Solicitud,Recibido,Actualizado,Observaciones,Calle y número,Código Postal,Coordenadas,delegacion,Colonia,Latitud_Limpia,Longitud_Limpia
613,Pendiente,Atención de Bacheo,2025-05-06 08:37:51,2025-05-20 11:51:19,avenida vía láctea fraccionamiento galaxia Toluca,Calle Vía Láctea Calle Vía Láctea,52089,"19.3968538,-99.63773049999999",,,19.3968538,-99.6377305
3144,Pendiente,Atención de Bacheo,2025-07-19 14:35:24,2026-02-13 12:31:56,Bache En Av Hidalgo ,MIguel Hidalgo,50080,"19.2887771,-99.673163",Ciudad Universitaria,,19.2887771,-99.673163
3507,Pendiente,Atención de Bacheo,2025-07-29 15:15:16,2026-02-13 13:02:11,Hoyo profundo ,Calle Rodolfo Soto Cordero,50080,"latitude:19.285764615149567, longitude:-99.66746677303342",Ciudad Universitaria,,19.28576462,-99.66746677
6078,Pendiente,Atención de Bacheo,2025-10-14 15:36:38,2025-10-14 18:14:18,Toda la calle esta fea urge bacheo o mejor dicho reencarpetar ,Libertad 110,50256,"19.2220311,-99.6706214",Santiago Tlacotepec,,19.2220311,-99.6706214
6158,Pendiente,Atención de Bacheo,2025-10-16 13:55:51,2025-10-16 16:38:17,Exactamente en la esquina de Lerma y Texcoco,Calle Norte Lerma 215–311,50040,"latitude:19.292926758858528, longitude:-99.66968317913292",Sánchez,,19.29292676,-99.66968318
6170,Pendiente,Atención de Bacheo,2025-10-16 17:36:20,2025-10-17 13:52:07,la calle presenta varios baches cercanos a los topes y no hay manera de evitarlos porque hay del lado derecho y en medio. Cuando uno pasa parece que los carros se hunden  ,Marie Curie 1210,50075,"19.3042865,-99.6300539",Independencia,,19.3042865,-99.6300539
6195,Pendiente,Atención de Bacheo,2025-10-17 15:42:26,2025-10-20 09:52:08,Frente a tienda de verduras. Están tapando baches con tierra lo que provoca lodo y polvo afectando la salud ,Calle Toluca 12,50295,"19.382616,-99.63956710000001",San Pablo Autopan,,19.382616,-99.6395671
6268,Pendiente,Atención de Bacheo,2025-10-20 13:11:25,2025-10-20 14:03:22,gran bache frente a empresa AT&T,Calle Industria Minera Calle Industria Minera,50071,"19.3020899,-99.616557",Santa Ana Tlapaltitlán,,19.3020899,-99.616557
6312,Pendiente,Atención de Bacheo,2025-10-21 15:28:28,2025-10-22 09:57:31,ya hagan algo,Fray Servando Teresa de Mier 20,50245,"19.3151008,-99.5881887",San Mateo Otzacatipan,,19.3151008,-99.5881887
6313,Pendiente,Atención de Bacheo,2025-10-21 15:29:12,2025-10-23 09:59:07,contra esquina  de primaria 15 de septiembre agrego información  de este reporte  ed tipo socabon profundo!.,Plan de Texca 201,50190,"19.2695343,-99.6385675",Santa María De Las Rosas,,19.2695343,-99.6385675
6351,Pendiente,Atención de Bacheo,2025-10-22 15:31:35,2025-10-23 10:16:05,constituyentes esquina Juan Gómez enfrente está una cruz rumbo al panteon,Juan Gómez 2a,50265,"19.2549627,-99.7016759",Cacalomacán,,19.2549627,-99.7016759
6355,Pendiente,Atención de Bacheo,2025-10-22 17:01:58,2025-10-23 10:20:36,"calle que sube por panteón de San Miguel al tanque de fierro de agua 
",Camino Viejo a Santiago Tlaxomulco 349,50040,"19.3028287,-99.6666403",Barrios Tradicionales,,19.3028287,-99.6666403
6399,Pendiente,Atención de Bacheo,2025-10-23 11:38:33,2025-10-23 11:54:12,a unos pasos de la delegación ,Avenida V. Guerrero 60,50250,"19.2523885,-99.704202",Cacalomacán,,19.2523885,-99.704202
6497,Pendiente,Atención de Bacheo,2025-10-24 13:09:03,2025-10-24 13:46:51,toda la calle paseo de las flores que es la de entrada al fraccionamiento y en particular alheli llena de hoyos,Alhelí 620,50010,"19.3140073,-99.6309086",San Lorenzo Tepaltitlán,,19.3140073,-99.6309086
6505,Pendiente,Atención de Bacheo,2025-10-24 15:37:08,2025-10-27 09:56:38,Múltiples baches que no permiten el acceso a la unidad,134,50295,"latitude:19.394622506762634, longitude:-99.6431548414987",San Pablo Autopan,,19.39462251,-99.64315484
6506,Pendiente,Atención de Bacheo,2025-10-24 17:14:52,2025-10-27 09:59:42,Avenida Zacango esquina calle del nogal en lo locales de cortina verde ,Calle del Nogal,50255,"latitude:19.221091630543057, longitude:-99.65594886536813",San Juan Tilapa,,19.22109163,-99.65594887
6610,Pendiente,Atención de Bacheo,2025-10-28 13:02:07,2025-10-28 14:53:51,"Cerca del Centro Educativo los Cedros se detectaron 8 baches con una medida aproximada de 80 centímetros de ancho por 50 centímetros de largo, cada uno",Calle Laguna de la Gavia 1022,50170,"19.2612436,-99.6697056",Felipe Chávez Becerril,,19.2612436,-99.6697056
6620,Pendiente,Atención de Bacheo,2025-10-28 20:49:40,2025-10-29 09:46:51,"Numerosos baches en la zona, baches profundos, reporta Dulce Rodríguez 2a Delegada de la maquinita ",Calle Begonia 126,50010,"19.3078652,-99.643419",La Maquinita,,19.3078652,-99.643419
6629,Pendiente,Atención de Bacheo,2025-10-29 17:23:24,2025-10-30 12:03:34,Otro bache en la Colonia favor de reparar ways maybe Hindi ,Calle General Felipe Ángeles 821C,50170,"latitude:19.266742141591237, longitude:-99.6624441435277",Felipe Chávez Becerril,,19.26674214,-99.66244414
6631,Pendiente,Atención de Bacheo,2025-10-29 18:44:09,2025-10-30 12:05:09,"Toda la calle de Francisco Villa, constituida por aproximadamente 4 calles cuenta con al menos 4 baches como este profundos, este está frente la entrada trasera de la Primaria Particular Niños de México.",Francisco Villa 600,50060,"19.3021176,-99.6296151",Independencia,,19.3021176,-99.6296151
6632,Pendiente,Atención de Bacheo,2025-10-29 18:49:37,2025-10-30 12:06:22,"Bache que no permite pasar ni por la derecha ni por la izquierda, dado que todo el ancho de la calle está afectado, Francisco Villa esquina con Industria Minera",Francisco Villa 300,50060,"19.302388699999998,-99.6295708",Independencia,,19.3023887,-99.6295708
6652,Pendiente,Atención de Bacheo,2025-10-30 08:31:48,2025-10-30 12:12:01,"Es un bache pequeño que se ubica entre las calles privada de la Garza y Vela Camacho, sobre la calle de Eduardo González Pichardo y en la esquina de Gonzalez y Pichardo ya vi la Camacho, hay otro que se está haciendo grande",Calle Eduardo González y Pichardo 524B,50130,"latitude:19.283206305674245, longitude:-99.66400866545878",Centro Histórico,,19.28320631,-99.66400867
6672,Pendiente,Atención de Bacheo,2025-10-31 07:11:27,2025-11-01 10:46:26,numerosos baches profundos en calle Isidro Fabela perjudican el tránsito. reporta 2a delegada de la maquinita Dulce Rodríguez ,Isidro Fabela Norte 859,50020,"19.305211999999997,-99.6442184",La Maquinita,,19.305212,-99.6442184
6675,Pendiente,Atención de Bacheo,2025-10-31 09:08:26,2025-11-01 11:50:43,por favor hacer trabajos de bacheo en la esquina de Heriberto enriquez y Martín carrera entre la iglesia de la nisericordia y el OXXO.gracias.,Gustavo Baz 142,52156,"19.264751,-99.6342131",ID: NaN (No encontrado en delegacion),,19.264751,-99.6342131
6680,Pendiente,Atención de Bacheo,2025-10-31 10:39:27,2025-11-01 12:09:52,"por favor reparar baches en la calle Juan Aldama entre vialidad solidaridad las torres y gral. Felipe angeles colonia del parque, gracias.",Calle Juan Aldama 1400,50180,"19.2667389,-99.65479309999999",ID: NaN (No encontrado en delegacion),,19.2667389,-99.6547931
6693,Pendiente,Atención de Bacheo,2025-11-01 08:36:42,2025-11-03 10:08:34,"calle con mucho daño 
urge bacheo",5 de Mayo 162,50294,"19.3530574,-99.64205659999999",,,19.3530574,-99.6420566
6701,Pendiente,Atención de Bacheo,2025-11-01 13:54:21,2025-11-03 11:13:46,Son aproximadamente 10 baches en la calle Juan Aldama esquina con bahía de todos los santos en la colonia Santa Ana Tlapaltitlán ,Calle Juan Aldama Norte 30,50160,"latitude:19.286494319957008, longitude:-99.62606657609415",Santa Ana Tlapaltitlán,,19.28649432,-99.62606658
6708,Pendiente,Atención de Bacheo,2025-11-01 14:34:14,2025-11-03 11:21:44,"Son aproximadamente 6 baches en la esquina de bahía de todos los santos y paseo tollocan, entre el Interceramic y el hotel Radisson",Calle Bahía de Todos Los Santos 1,50160,"latitude:19.287110478568437, longitude:-99.62787794357183",,,19.28711048,-99.62787794
6709,Pendiente,Atención de Bacheo,2025-11-01 14:38:10,2025-11-03 11:23:37,Son 3 baches que se ubican frente al número 505-A en Santa Ana Tlapaltitlán donde está el área de descarga del Interceramic ,Calle Bahía de Todos Los Santos 505,50160,"latitude:19.286418733931114, longitude:-99.6277892598646",,,19.28641873,-99.62778926
6713,Pendiente,Atención de Bacheo,2025-11-01 17:15:03,2025-11-03 11:39:28,Al lado de la tienda. ,Rep. de Bolivia 305,50130,"19.281256,-99.643575",Universidad,,19.281256,-99.643575
6728,Pendiente,Atención de Bacheo,2025-11-02 12:10:46,2025-11-03 12:14:38,la calle revolución que se encuentra frente a la escuela primaria Juan de la Barrera,Revolución MZ 031,50205,"19.3614717,-99.59324509999999",,,19.3614717,-99.5932451
6730,Pendiente,Atención de Bacheo,2025-11-02 15:56:55,2025-11-03 12:38:03,"Bache enfrente de un portón verde y enfrente del jardin león Guzmán sobre la calle isabel la Católica. al principio de la calle 
",Isabel la Católica 919,50150,"19.282767099999997,-99.6426741",San Sebastián,,19.2827671,-99.6426741
6732,Pendiente,Atención de Bacheo,2025-11-02 16:00:29,2025-11-03 13:14:02,"enfrente de la casa blanca numero 901 B 
",Isabel la Católica 906,50130,"19.2834041,-99.6429493",San Sebastián,,19.2834041,-99.6429493
6749,Pendiente,Atención de Bacheo,2025-11-03 10:06:26,2025-11-03 13:26:42,Se han detectado de 5 a 8 baches en distintos puntos de la calle de Agustín Olachea (Entre las vialidades de Paseo Colon a Lago Constanza) ,General Agustín Olachea A. 1006,50170,"19.264353,-99.66363469999999",Felipe Chávez Becerril,,19.264353,-99.6636347
6750,Pendiente,Atención de Bacheo,2025-11-03 10:10:48,2025-11-03 13:27:51,Se detectó de 8 a 15 baches en distintos puntos de la calle de Agustín Olachea (entre las vialidades de Lago Aral a Eduardo González y Pichardo),General Agustín Olachea A. 1207,50170,"19.2643505,-99.66455529999999",Felipe Chávez Becerril,,19.2643505,-99.6645553
6756,Pendiente,Atención de Bacheo,2025-11-03 13:18:39,2025-11-03 13:33:49,Privada Cerrada al final de la calle Rosa María Sánchez Mendoza y Fernando Aguilar Vilchis. Es un socavón que ya contiene grietas ,Calle Rosa María Sánchez Mendoza 1,50246,"latitude:19.292032483172772, longitude:-99.57829681334533",,,19.29203248,-99.57829681
6759,Pendiente,Atención de Bacheo,2025-11-03 17:08:15,2025-11-04 12:55:13,"Aún dejaron un bache de los que reporte con anterioridad, no entiendo al afán de no haberlo tapado",Calle Río Verdiguel 231–251,50010,"latitude:19.309660200526935, longitude:-99.63770118461252",La Maquinita,,19.3096602,-99.63770118
6762,Pendiente,Atención de Bacheo,2025-11-03 20:27:39,2025-11-04 13:00:56,"socavón de casi 1 metro de circunferencia y 80 cm aproximadamente de profundidad ubicada a mitad de la calle, con riesgo de caer una persona o vehículo, salida constante al ser entrada de más de 50 casas",Rosa Ma Sánchez Mendoza 52,50246,"19.2948713,-99.5783178",,,19.2948713,-99.5783178
6786,Pendiente,Atención de Bacheo,2025-11-04 19:46:48,2025-11-05 10:48:48,calle dirigida al tanque de la Teresona camino viejo a Santiago tlaxomulco ,Camino Viejo a Santiago Tlaxomulco 416,50040,"19.3000251,-99.6654027",Barrios Tradicionales,,19.3000251,-99.6654027
6788,Pendiente,Atención de Bacheo,2025-11-04 19:49:22,2025-11-05 11:01:07,Subiendo hacia el tanque de la Teresona por el panteón de san Miguel ,Camino viejo a Tlaxomulco,50040,"latitude:19.30227562375089, longitude:-99.66636472686298",Sánchez,,19.30227562,-99.66636473
6866,Pendiente,Atención de Bacheo,2025-11-06 14:23:01,2025-11-06 15:40:52,toda la calle de colima esta llena de baches grandes,Colima 222,50010,"19.3060001,-99.6255735",San Lorenzo Tepaltitlán,,19.3060001,-99.6255735
6878,Pendiente,Atención de Bacheo,2025-11-07 09:55:40,2025-11-11 11:31:29,"Baches en medio de la calle  como referencia enfrente de los domicilios 615 y 617
se estqn haciendo muy profundos generando riesgo para quienes transitan por esta calle 
que tiene demasiado transito",Calle Sor Juana I. de La C. 702,50130,"19.2824903,-99.65140609999999",Universidad,,19.2824903,-99.6514061
6886,Pendiente,Atención de Bacheo,2025-11-07 12:19:46,2025-11-10 15:49:35,"varios baches en la esquina de reforma y Juárez, frente al Oxxo 
",Calle Benito Juárez 636,50260,"19.2494372,-99.66972179999999",Capultitlán,,19.2494372,-99.6697218
6889,Pendiente,Atención de Bacheo,2025-11-07 12:36:20,2025-11-10 15:49:00,Varios baches en avenida principal ,Calle Benito Juárez 807,50263,"19.249308199999998,-99.67058899999999",Capultitlán,,19.2493082,-99.670589
6890,Pendiente,Atención de Bacheo,2025-11-07 13:23:22,2025-11-10 15:51:49,la calle no se puede transitar urge esta en malas condiciones el gobierno nos pagara los daños a nuestros autos,Calle Prolongación Paseo Totoltepec MZ 029,50245,"19.3116116,-99.58582949999999",San Mateo Otzacatipan,,19.3116116,-99.5858295
6902,Pendiente,Atención de Bacheo,2025-11-07 17:55:49,2025-11-10 15:37:05,frente a casa naranja,Lago de Chapala 98,50170,"19.275126,-99.67007749999999",Seminario Las Torres,,19.275126,-99.6700775
6906,Pendiente,Atención de Bacheo,2025-11-07 18:27:49,2025-11-10 15:40:18,varios baches en la calle Sor Juana entre Arteaga y Ramon Corona ya estan muy profundos y al estar en una calle muy transitada como esta generan situacion de riesgo al tratar de esquivarlos,Calle Sor Juana I. de La C. 800,50130,"19.2818534,-99.65134669999999",Universidad,,19.2818534,-99.6513467
6912,Pendiente,Atención de Bacheo,2025-11-07 19:56:50,2025-11-10 16:02:09,calle con muchos baches es paso para escuelas ,Calle Juarez 634,50263,"19.2495634,-99.6694182",Capultitlán,,19.2495634,-99.6694182
6913,Pendiente,Atención de Bacheo,2025-11-07 20:09:11,2025-11-10 15:57:29,calle con muchos baches,Calle Reforma 28,50263,"19.2488296,-99.66995879999999",Capultitlán,,19.2488296,-99.6699588
6914,Pendiente,Atención de Bacheo,2025-11-07 20:15:47,2025-11-10 15:44:56,Calle con baches y alto transito por ser libramiento,Calle Profesora Martha Rodríguez Valdes 313,50264,"19.245739999999998,-99.66771849999999",Capultitlán,,19.24574,-99.6677185
6915,Pendiente,Atención de Bacheo,2025-11-07 20:15:48,2025-11-10 15:47:52,"varios bachear en la calle Marta Rodríguez, entre reforma y Colón 
",Calle Profesora Martha Rodríguez Valdes 514,50264,"19.2457024,-99.6699853",Capultitlán,,19.2457024,-99.6699853
6916,Pendiente,Atención de Bacheo,2025-11-07 20:16:01,2025-11-10 15:56:13,calle con muchos  baches  ,Calle Profesora Martha Rodríguez Valdes 313,50264,"19.245739999999998,-99.66771849999999",Capultitlán,,19.24574,-99.6677185
6917,Pendiente,Atención de Bacheo,2025-11-07 20:19:04,2025-11-10 15:55:39,calle con muchos baches ,Calle Profesora Martha Rodríguez Valdes 313,50264,"19.245739999999998,-99.66771849999999",Capultitlán,,19.24574,-99.6677185
6918,Pendiente,Atención de Bacheo,2025-11-07 20:20:03,2025-11-10 15:44:27,Calle con baches y alto grado de transito por ser libramiento ,Calle Profesora Martha Rodríguez Valdes 313,50264,"19.245739999999998,-99.66771849999999",Capultitlán,,19.24574,-99.6677185
6919,Pendiente,Atención de Bacheo,2025-11-07 20:25:43,2025-11-10 15:43:50,Calle con baches y alto grado de transito por ser libramiento ,Calle Profesora Martha Rodríguez Valdes 32,50264,"19.245403,-99.6668672",Capultitlán,,19.245403,-99.6668672
6920,Pendiente,Atención de Bacheo,2025-11-07 20:27:53,2025-11-10 15:42:50,Calle con baches y alto tránsito por ser libramiento ,Calle Profesora Martha Rodríguez Valdes 32,50264,"19.245403,-99.6668672",Capultitlán,,19.245403,-99.6668672
6921,Pendiente,Atención de Bacheo,2025-11-07 20:29:18,2025-11-10 15:42:03,Calle con Baches y con alto transito por ser libramiento ,Calle Profesora Martha Rodríguez Valdes 32,50264,"19.245403,-99.6668672",Capultitlán,,19.245403,-99.6668672
6922,Pendiente,Atención de Bacheo,2025-11-07 20:30:13,2025-11-10 15:47:12,Los baches se encuentran frente a unos departamentos color beige ,Calle Profesora Martha Rodríguez Valdes 313,50264,"19.245739999999998,-99.66771849999999",Capultitlán,,19.24574,-99.6677185
6923,Pendiente,Atención de Bacheo,2025-11-07 20:31:25,2025-11-10 15:41:14,Calle con baches y alto tránsito vehicular por ser libramiento ,Calle Profesora Martha Rodríguez Valdes 32,50264,"19.245403,-99.6668672",Capultitlán,,19.245403,-99.6668672
6924,Pendiente,Atención de Bacheo,2025-11-07 20:33:56,2025-11-10 15:39:37,Calle co baches y alto  tránsito vehicular por ser libramiento ,Calle Profesora Martha Rodríguez Valdes 500,50264,"19.2455381,-99.666767",Capultitlán,,19.2455381,-99.666767
6926,Pendiente,Atención de Bacheo,2025-11-07 20:35:44,2025-11-10 15:46:37,frente a un edificio Color beige ,Calle Profesora Martha Rodríguez Valdes 500,50264,"19.2455381,-99.666767",Capultitlán,,19.2455381,-99.666767
6927,Pendiente,Atención de Bacheo,2025-11-07 20:36:16,2025-11-10 15:39:58,Calle con baches y traficonpor ser libramiento ,Calle Profesora Martha Rodríguez Valdes 500,50264,"19.2455381,-99.666767",Capultitlán,,19.2455381,-99.666767
6928,Pendiente,Atención de Bacheo,2025-11-07 20:40:37,2025-11-10 15:46:02,Aún costado de negocio de pipas de agua ,Calle Profesora Martha Rodríguez Valdes 500,50264,"19.2455381,-99.666767",Capultitlán,,19.2455381,-99.666767
6929,Pendiente,Atención de Bacheo,2025-11-07 20:41:40,2025-11-10 15:40:24,Calle con baches y qlto tráfico vehícular ,Luis Donaldo Colosio 20,50264,"19.245409199999997,-99.66659299999999",Capultitlán,,19.2454092,-99.666593
6930,Pendiente,Atención de Bacheo,2025-11-07 20:43:02,2025-11-10 15:40:46,"la calle tiene unos baches enorme, no sé puede pasar bien ",Calle Profesora Martha Rodríguez Valdes 500,50264,"19.2455381,-99.666767",Capultitlán,,19.2455381,-99.666767
6931,Pendiente,Atención de Bacheo,2025-11-07 20:45:09,2025-11-10 15:40:10,Calle con baches y alto tráfico vehicular ,Luis Donaldo Colosio 20,50264,"19.245409199999997,-99.66659299999999",Capultitlán,,19.2454092,-99.666593
6932,Pendiente,Atención de Bacheo,2025-11-07 20:46:52,2025-11-10 15:24:59,Calle con baches ynalto tráfico vehícular,Calle Profesora Martha Rodríguez Valdes 409,50264,"19.245617,-99.66578419999999",Capultitlán,,19.245617,-99.6657842
6933,Pendiente,Atención de Bacheo,2025-11-07 20:47:31,2025-11-10 13:47:13,dos baches muy ondos ,Calle Profesora Martha Rodríguez Valdes 409,50264,"19.245617,-99.66578419999999",Capultitlán,,19.245617,-99.6657842
6934,Pendiente,Atención de Bacheo,2025-11-07 20:48:58,2025-11-10 15:15:40,Calle con baches y alto tráfico vehicular ,Calle Profesora Martha Rodríguez Valdes 409,50264,"19.245617,-99.66578419999999",Capultitlán,,19.245617,-99.6657842
6935,Pendiente,Atención de Bacheo,2025-11-07 20:49:31,2025-11-10 15:23:01,"varios baches entre la calle Manuel González y Vicente Guerrero 
",Calle Profesora Martha Rodríguez Valdes 409,50264,"19.245617,-99.66578419999999",Capultitlán,,19.245617,-99.6657842
6947,Pendiente,Atención de Bacheo,2025-11-08 11:45:05,2025-11-10 12:17:07,En la entrada a la callé Martín Carrera aun costado de la iglesia de la misericordia calle Heriberto Enriquez,Calle Martin Carrera 369,50180,"19.2655975,-99.6459548",Del Parque,,19.2655975,-99.6459548
6963,Pendiente,Atención de Bacheo,2025-11-09 11:54:45,2025-11-10 12:14:18,"baches en la calle Miguel Hidalgo junto templo testigos de Jehová y campos de fútbol juventus san cayetano Morelos Toluca Código postal 50295
",Miguel Hidalgo y Costilla 146,50295,"19.4022985,-99.700248",San Cayetano Morelos,,19.4022985,-99.700248
6967,Pendiente,Atención de Bacheo,2025-11-09 12:58:55,2025-11-10 11:53:20,es en el cruce de Juárez y Reforma ,Calle Juarez 119,50263,"19.2495888,-99.6623312",Capultitlán,,19.2495888,-99.6623312
6997,Pendiente,Atención de Bacheo,2025-11-09 19:27:04,2025-11-10 12:46:10,calle con baches y mucho tráfico vehicular.,Calle Margarita Maza de Juárez 30,50260,"19.254790699999997,-99.6716315",Capultitlán,,19.2547907,-99.6716315
7001,Pendiente,Atención de Bacheo,2025-11-09 19:51:00,2025-11-10 11:51:58,calle con muchos baches y tráfico vehicular ,Emiliano Zapata 123,50260,"19.2549436,-99.6723258",Capultitlán,,19.2549436,-99.6723258
7002,Pendiente,Atención de Bacheo,2025-11-09 19:51:09,2025-11-10 11:32:16,calle con muchos baches y tráfico vehicular ,Fco. Villa 112,50260,"19.254786300000003,-99.6723047",Capultitlán,,19.2547863,-99.6723047
7003,Pendiente,Atención de Bacheo,2025-11-09 19:53:35,2025-11-10 11:30:18,"calle con muchos baches y tráfico vehicular 
",Emiliano Zapata 123,50260,"19.2549436,-99.6723258",Capultitlán,,19.2549436,-99.6723258
7005,Pendiente,Atención de Bacheo,2025-11-09 19:59:05,2025-11-10 11:26:12,"calle con muchos baches y tráfico vehicular 
",Emiliano Zapata 123,50260,"19.2549436,-99.6723258",Capultitlán,,19.2549436,-99.6723258
7006,Pendiente,Atención de Bacheo,2025-11-09 20:03:10,2025-11-10 11:22:41,calle con muchos baches y tráfico vehicular ,Fco. Villa 112,50260,"19.254786300000003,-99.6723047",Capultitlán,,19.2547863,-99.6723047
7007,Pendiente,Atención de Bacheo,2025-11-09 20:07:59,2025-11-10 11:19:50,calle con muchos baches y tráfico vehicular ,Emiliano Zapata #123 Colonia Capultitlán,50260,"19.254907199999998,-99.67233759999999",Capultitlán,,19.2549072,-99.6723376
7017,Pendiente,Atención de Bacheo,2025-11-10 09:32:55,2025-11-10 10:47:02,frente al parque y al costado de Primaria azul. Son varios baches. ,Enrique Olascoaga 309,50040,"19.2980288,-99.659784",Barrios Tradicionales,,19.2980288,-99.659784
7021,Pendiente,Atención de Bacheo,2025-11-10 10:12:55,2025-11-10 10:31:46,"frente a un zaguan blanco, al lado de una polleria. los baches estan cerca de la banqueta.",Enrique Olascoaga 324,50040,"19.298713,-99.660793",Barrios Tradicionales,,19.298713,-99.660793
7028,Pendiente,Atención de Bacheo,2025-11-10 17:50:31,2025-11-11 15:09:20,Zona de baches en el tramo de la calle Constituyentes desde ayuntamiento a Aquiles Serdán frente a diferentes negocios en calle principal. ,Cda Constituyentes 33,50265,"19.2541925,-99.707448",,,19.2541925,-99.707448
7039,Pendiente,Atención de Bacheo,2025-11-11 12:02:15,2025-11-11 17:20:07,toda la vialidad que lleva a las direcciones San Mateo otz y san Lorenzo tepaltitlan está con varios baches que resolver ,San Mateo 800,50010,"19.3201157,-99.6119459",,,19.3201157,-99.6119459
7059,Pendiente,Atención de Bacheo,2025-11-12 08:14:10,2025-11-12 12:49:51,los autos invaden la ciclovía de Isidro Fabela por esquivar los baches frente al minicar,Boulevard Isidro Fabela 857,50020,"19.3054216,-99.64402249999999",La Maquinita,,19.3054216,-99.6440225
7060,Pendiente,Atención de Bacheo,2025-11-12 08:16:16,2025-11-12 12:49:30,Bache frente a la gasolinera G500,Isidro Fabela Norte 859,50020,"19.305211999999997,-99.6442184",La Maquinita,,19.305212,-99.6442184
7061,Pendiente,Atención de Bacheo,2025-11-12 08:18:35,2025-11-12 12:49:05,frente al restaurante la maquinita,Isidro Fabela Norte 859,50020,"19.305211999999997,-99.6442184",La Maquinita,,19.305212,-99.6442184
7063,Pendiente,Atención de Bacheo,2025-11-12 08:24:02,2025-11-12 12:48:15,las personas por evadir el bache se meten a la ciclovía de Isidro Fabela casi frente a la tienda color cril,Isidro Fabela Norte 859,50020,"19.305211999999997,-99.6442184",La Maquinita,,19.305212,-99.6442184
7067,Pendiente,Atención de Bacheo,2025-11-12 13:46:24,2025-11-13 12:12:18,frente a la harinera donde finaliza la ciclovía de Isidro Fabela dirección a palmillas ,Isidro Fabela Norte 859,50020,"19.305211999999997,-99.6442184",La Maquinita,,19.305212,-99.6442184
7082,Pendiente,Atención de Bacheo,2025-11-13 13:47:19,2025-11-13 16:50:43,"Enfrente de la panadería las palmas, sobre la calle que está a un costado de donde se paga el agua de Toluca , a un costado de la primaria Jaime Nuño",7a. Mz Lt 24,50210,"latitude:19.354043956016724, longitude:-99.59623244072898",Sauces,,19.35404396,-99.59623244
7083,Pendiente,Atención de Bacheo,2025-11-13 13:47:31,2025-11-13 16:59:01,"Enfrente de la panadería las palmas, sobre la calle que está a un costado de donde se paga el agua de Toluca , a un costado de la primaria Jaime Nuño",7a. Mz Lt 24,50210,"latitude:19.354043956016724, longitude:-99.59623244072898",Sauces,,19.35404396,-99.59623244
7084,Pendiente,Atención de Bacheo,2025-11-13 13:47:34,2025-11-13 17:01:52,"Enfrente de la panadería las palmas, sobre la calle que está a un costado de donde se paga el agua de Toluca , a un costado de la primaria Jaime Nuño",7a. Mz Lt 24,50210,"latitude:19.354043956016724, longitude:-99.59623244072898",Sauces,,19.35404396,-99.59623244
7086,Pendiente,Atención de Bacheo,2025-11-13 14:08:29,2025-11-13 17:17:51,Calle donde se encuentra el pozo de agua de Sauces 5 y las instalaciones de la delegación Sauces,Calle Hacienda de Enmedio 63,50210,"latitude:19.36690423841662, longitude:-99.5866011021737",Sauces,,19.36690424,-99.5866011
7087,Pendiente,Atención de Bacheo,2025-11-13 14:08:31,2025-11-13 17:18:33,Calle donde se encuentra el pozo de agua de Sauces 5 y las instalaciones de la delegación Sauces,Calle Hacienda de Enmedio 63,50210,"latitude:19.36690423841662, longitude:-99.5866011021737",Sauces,,19.36690424,-99.5866011
7088,Pendiente,Atención de Bacheo,2025-11-13 14:08:31,2025-11-13 17:18:38,Calle donde se encuentra el pozo de agua de Sauces 5 y las instalaciones de la delegación Sauces,Calle Hacienda de Enmedio 63,50210,"latitude:19.36690423841662, longitude:-99.5866011021737",Sauces,,19.36690424,-99.5866011
7089,Pendiente,Atención de Bacheo,2025-11-13 14:08:32,2025-11-13 17:18:42,Calle donde se encuentra el pozo de agua de Sauces 5 y las instalaciones de la delegación Sauces,Calle Hacienda de Enmedio 63,50210,"latitude:19.36690423841662, longitude:-99.5866011021737",Sauces,,19.36690424,-99.5866011
7096,Pendiente,Atención de Bacheo,2025-11-13 16:47:04,2025-11-14 10:27:34,"baches sobre la calle adolfo lopez mateos comunidad san jose guadalupe otzacatipan toluca 
",Adolfo López Mateos 151,50230,"19.3395828,-99.59532999999999",San Mateo Otzacatipan,,19.3395828,-99.59533
7098,Pendiente,Atención de Bacheo,2025-11-13 16:49:34,2025-11-14 10:27:40,"baches en la calle adolfo lopez mateos san jose gualaupe otzacatipan frente a herreria 
",Adolfo López Mateos 137,50230,"19.3400118,-99.59603249999999",San Mateo Otzacatipan,,19.3400118,-99.5960325
7101,Pendiente,Atención de Bacheo,2025-11-13 18:04:51,2025-11-14 10:37:56,Varuos Baches en todo el tramo de la calle Garcia Moreno entre Juan Alvarez y Arteaga de un tamaño considerable que representan un riesgo debido al desgaste de la carpeta asfaltica en este tramo de calle,Ingeniero Rafael García Moreno 206-228,50130,"19.283127399999998,-99.6506175",Universidad,,19.2831274,-99.6506175
7102,Pendiente,Atención de Bacheo,2025-11-13 18:08:37,2025-11-14 10:38:15,varios baches en toda la calle Garcia Moreno entre Juan Alvarez y Arteaga de un tamaño considerable generando un rieago para los automivilistas debilo al considerable deagaste de la carpeta asafaltica,Ingeniero Rafael García Moreno 206-228,50130,"19.283127399999998,-99.6506175",Universidad,,19.2831274,-99.6506175
7114,Pendiente,Atención de Bacheo,2025-11-13 21:14:24,2025-11-14 10:54:33,calle principal para el hospital Adolfo López Mateos a un costado de purificadora Dimas ,Ganadería 138,50010,"19.3187557,-99.6307156",,,19.3187557,-99.6307156
7116,Pendiente,Atención de Bacheo,2025-11-13 21:40:28,2025-11-14 10:58:44,"Baches en toda la cuadra de Tenango, entre Tlalnepantla y Chalco. ",Tenango 707,50040,"19.2953994,-99.6680604",Sánchez,,19.2953994,-99.6680604
7124,Pendiente,Atención de Bacheo,2025-11-14 16:13:28,2025-11-14 16:31:32,Se encuentra ubicados cinco baches profundos dentro de la calle que es de ambos sentidos ,Paseo de La Luz 49,50200,"19.3278605,-99.63872029999999",,,19.3278605,-99.6387203
7126,Pendiente,Atención de Bacheo,2025-11-14 16:47:21,2025-11-15 09:43:57,"en medio de la calle,a un costado de la Delegación ,frente al tanque de agua de Sauces 5",Calle Hacienda de Enmedio 59A,50210,"19.3667086,-99.586565",Sauces,,19.3667086,-99.586565
7131,Pendiente,Atención de Bacheo,2025-11-15 10:42:32,2025-11-18 11:46:28,esquina tienda de frutas,Luis Procuna 100,50214,"19.3707271,-99.5822159",San Mateo Otzacatipan,,19.3707271,-99.5822159
7144,Pendiente,Atención de Bacheo,2025-11-16 12:50:26,2025-11-18 11:36:39,"El bache esta en la esquina de las  calles Noé Pérez y  Rodolfo Sanchez  (M.D. 19.275780, -99.666689)",Noe Pérez Pío Quintana 108,50120,"19.2766152,-99.6666496",Morelos,,19.2766152,-99.6666496
7145,Pendiente,Atención de Bacheo,2025-11-16 12:56:40,2025-11-18 11:35:27,Bache sobre la calle Rodolfo Sanchez está a un lado del Sanatorio Toluca,Rodolfo Sánchez 615,50120,"19.2755931,-99.6666734",Morelos,,19.2755931,-99.6666734
7146,Pendiente,Atención de Bacheo,2025-11-16 13:01:46,2025-11-18 11:33:35,Este bache esta sobre la calle Rodolfo Sanchez  que esta a un costado del Sanatorio Toluca ,Rodolfo Sánchez 615,50120,"19.2755931,-99.6666734",Morelos,,19.2755931,-99.6666734
7159,Pendiente,Atención de Bacheo,2025-11-18 08:42:32,2025-11-18 11:25:55,"En medio de la calle Tenancingo se ha ido haciendo un hoyo que los venidos han rellenado con tierra

",Calle Carlos Pichardo 123,50040,"latitude:19.291932396291873, longitude:-99.67316778406071",Sánchez,,19.2919324,-99.67316778
7232,Pendiente,Atención de Bacheo,2025-11-22 08:55:37,2025-11-24 11:06:27,"Se está asfaltando el tramo entre estas dos calles, se requiere la colocación de los topes que existían antes de la reparación. se requieren tres topes por lado.",De Las Arboledas 98,50016,"19.3074261,-99.6070062",San Mateo Otzacatipan,,19.3074261,-99.6070062
7236,Pendiente,Atención de Bacheo,2025-11-22 16:16:24,2025-11-24 10:52:37,Sobre Juan Aldama. A un lado del hotel Radisson. ,Bahía de Todos Los Santos 56,50160,"19.286486099999998,-99.62622209999999",Santa Ana Tlapaltitlán,,19.2864861,-99.6262221
7245,Pendiente,Atención de Bacheo,2025-11-22 22:39:26,2025-11-24 10:50:30,"se bachearon calles paralelas a josué  Mirlo del tramo de Horacio Zuñiga a Venustiano Carranza, saltando exclusivamente la calle que estoy reportando, encontrandose esta en malas condiciones en este mismo tramo pues hay alrededor de 11 baches en josué Mirlo",Josué Mirlo 426,50120,"19.282080000000004,-99.6689523",Morelos,,19.28208,-99.6689523
7251,Pendiente,Atención de Bacheo,2025-11-23 11:02:09,2025-11-24 10:23:50,"hace tres semanas vinieron a bachear pero al levantar un pedazo del pavimento encontraron un hueco el cual sigue llevándose material y no lo pudieron tapar correctamente, solo con tierra provisionalmente, ya que comentaron que tenía que checarlo otro organismo, SAPAS. estamos en espera de que regresen, pero ya pasó mucho tiempo. agradeceremos la pronta revisión y solución de esto, ya que a futuro será un problema, más si el material se está llendo al drenaje directamente
",Jilotepec 202,50040,"19.292629800000004,-99.664148",Sánchez,,19.2926298,-99.664148
7254,Pendiente,Atención de Bacheo,2025-11-23 13:40:40,2025-11-24 10:10:17,Toda la calle de Toluca está llena de baches.  ,Calle Toluca 302,50040,"19.293844099999998,-99.66511849999999",Sánchez,,19.2938441,-99.6651185
7286,Pendiente,Atención de Bacheo,2025-11-24 21:29:04,2025-11-26 11:03:01,Toda la calle de Chalco está llena de baches. ,Chalco 362,50040,"19.295213099999998,-99.6673386",Sánchez,,19.2952131,-99.6673386
7288,Pendiente,Atención de Bacheo,2025-11-25 11:33:34,2025-11-26 11:00:48,"Se detectó un bache al profundo en la calle de Andrés Quintana Roo, (entre las vialidades de Juan Andrew Almazan y Eduardo Hernández Chazaro) Delegación Ocho Cedros.",Calle Andrés Quintana Roo Norte 1513,50170,"19.262777399999997,-99.66490739999999",Felipe Chávez Becerril,,19.2627774,-99.6649074
7301,Pendiente,Atención de Bacheo,2025-11-25 17:38:12,2025-11-26 10:55:43,"paseo de las flores esquina nardos, en el crucero ",Bugambilias Parque de las Flores,50010,"19.312936999999998,-99.63061900000001",San Lorenzo Tepaltitlán,,19.312937,-99.630619
7302,Pendiente,Atención de Bacheo,2025-11-25 17:41:24,2025-11-26 10:48:26,paseo de las flores esquina claveles ,Claveles 446,50010,"19.3131068,-99.6303265",San Lorenzo Tepaltitlán,,19.3131068,-99.6303265
7303,Pendiente,Atención de Bacheo,2025-11-25 17:44:12,2025-11-26 10:45:19,baches varios entre pensamientos y paseo de las flores,Paseo de las Flores 345,50010,"19.3131503,-99.63021359999999",San Lorenzo Tepaltitlán,,19.3131503,-99.6302136
7304,Pendiente,Atención de Bacheo,2025-11-25 17:46:31,2025-11-26 10:40:11,baches varios en paseo de las flores esquina pensamientos,Paseo de las Flores 345C,50010,"19.313215,-99.63011379999999",San Lorenzo Tepaltitlán,,19.313215,-99.6301138
7305,Pendiente,Atención de Bacheo,2025-11-25 17:55:35,2025-11-26 10:34:18,baches varios en Crisantemos esquina paseo de las flores,Crisantemos 703,50010,"19.3135725,-99.6316258",San Lorenzo Tepaltitlán,,19.3135725,-99.6316258
7306,Pendiente,Atención de Bacheo,2025-11-25 17:58:50,2025-11-26 10:28:32,baches varios en Crisantemos entre paseo de las flores y prolongacion Morelia,Crisantemos 656,50010,"19.313339600000003,-99.6314743",San Lorenzo Tepaltitlán,,19.3133396,-99.6314743
7307,Pendiente,Atención de Bacheo,2025-11-25 18:03:10,2025-11-26 10:24:17,baches varios en Crisantemos y paseo de las flores,Crisantemos 648,50010,"19.313075599999998,-99.6315139",San Lorenzo Tepaltitlán,,19.3130756,-99.6315139
7308,Pendiente,Atención de Bacheo,2025-11-25 18:11:01,2025-11-26 10:19:38,baches varios en Crisantemos entre paseo de las flores ,Crisantemos 630,50010,"19.3125358,-99.63162299999999",San Lorenzo Tepaltitlán,,19.3125358,-99.631623
7339,Pendiente,Atención de Bacheo,2025-11-27 14:06:22,2025-12-01 10:21:17,VARIOS BACHES DENTRO DE CALLE PREVISTA ,Avenida Independencia Esq. Prevista,50227,"19.3140459,-99.59521099999999",San Mateo Otzacatipan,,19.3140459,-99.595211
7365,Pendiente,Atención de Bacheo,2025-11-30 17:59:15,2025-12-01 10:40:57,"Enfrente del panteon en esquina casi camino real, enfrente de locales en construcción  segun ya atendieron mis dos reportes anteriores y no han pavimentafo nunca",Calle del Panteón 139,50266,"latitude:19.261107689499738, longitude:-99.71589937009392",San Antonio Buenavista,,19.26110769,-99.71589937
7416,Pendiente,Atención de Bacheo,2025-12-05 14:59:23,2025-12-08 11:17:02,toda la cuadra esta llena d hoyos...la llenan de piedras pero no es suficiente...son más de 20 hoyos los q se encuentran en la calle...ayuda por favor ,Reforma 513,50227,"19.3179897,-99.5937093",San Mateo Otzacatipan,,19.3179897,-99.5937093
7417,Pendiente,Atención de Bacheo,2025-12-05 15:02:57,2025-12-08 11:12:47,esta llena de baches la parte d la salida d los niños...los autos quieren esquivar y pasan por parte de la banqueta de mi casa....esta la conexión de gas natural!!!,Reforma 511,50227,"19.31806,-99.59363959999999",San Mateo Otzacatipan,,19.31806,-99.5936396
7441,Pendiente,Atención de Bacheo,2025-12-07 10:33:36,2025-12-08 10:52:48,Baches en toda la calle de Ixtlahuaca que no se han atendido. ,Ixtlahuaca 704,50040,"19.294067,-99.6667722",Sánchez,,19.294067,-99.6667722
7454,Pendiente,Atención de Bacheo,2025-12-08 12:08:20,2025-12-10 11:14:54,bache muy grande justo en medio de la intersección de Ignacio allende y Rafael M. Hidalgo ,Ignacio Allende 501,50130,"19.283918099999998,-99.6556167",Centro Histórico,,19.2839181,-99.6556167
7458,Pendiente,Atención de Bacheo,2025-12-08 15:16:39,2025-12-10 10:58:13,"Ya había mandado el reporte hace algunas semanas
Espero ahora si puedan localizar
Gracias",Calle Industria Automotriz 98,50060,"latitude:19.297862391243697, longitude:-99.62648506434708",San Lorenzo Tepaltitlán,,19.29786239,-99.62648506
7499,Pendiente,Atención de Bacheo,2025-12-10 14:32:47,2025-12-11 10:42:50,"En la calle Manuel María Contreras. Casi en la esquina con Paseo Tollocan, en medio de la calle. Entre un edificio amarillo y una gasolinera que no han abierto. El bache está tan profundo que golpean los carros al caer en el.
Toda la calle Manuel María Contreras presenta baches grandes",Avenida Paseo Tollocan Calle Manuel Ma. Contreras,50150,"19.2842578,-99.6360897",San Sebastián,,19.2842578,-99.6360897
7521,Pendiente,Atención de Bacheo,2025-12-11 20:10:04,2025-12-12 13:47:33,a lado de Oxxo ,Avenida José María Morelos Poniente 957-989,50080,"19.2877702,-99.6640031",,,19.2877702,-99.6640031
7616,Pendiente,Atención de Bacheo,2025-12-18 14:33:42,2025-12-20 13:53:23,bacheo,Francisco Javier Mina 218,50200,"19.314723,-99.5894836",,,19.314723,-99.5894836
7632,Pendiente,Atención de Bacheo,2025-12-20 15:50:19,2025-12-22 11:59:15,"Existe un baje y ya está lleno de agua 
Es peligro ya no se puede transitar ",Circuito San Martín,50206,"latitude:19.386081612835092, longitude:-99.64811890945798",San Pablo Autopan,,19.38608161,-99.64811891
7694,Pendiente,Atención de Bacheo,2025-12-31 17:37:20,2026-01-06 10:48:15,Frente a unos departamentos con fachada naranja y portón blanco ,Laguna de Tixtla 506,50110,"19.2768658,-99.6716836",Ciudad Universitaria,,19.2768658,-99.6716836
7711,Pendiente,Atención de Bacheo,2026-01-03 10:06:52,2026-01-05 10:27:13,"En la esquina está el cajero de Banamex , toda la calle está dañda",Calle Nabor Carrillo Flores 221,50150,"latitude:19.2848741412189, longitude:-99.63725436225947",San Sebastián,,19.28487414,-99.63725436
7726,Pendiente,Atención de Bacheo,2026-01-05 19:04:34,2026-01-06 10:36:34,Manuel Ma. Contreras esq. con Paseo Tollocan ,Manuel Ma. Contreras 217,50150,"19.2849212,-99.6358772",San Sebastián,,19.2849212,-99.6358772
7729,Pendiente,Atención de Bacheo,2026-01-05 22:10:10,2026-01-06 10:16:50,Baches horribles por toda la calle,Tenango 712,50040,"19.2956288,-99.6679297",Sánchez,,19.2956288,-99.6679297
7744,Pendiente,Atención de Bacheo,2026-01-07 08:30:55,2026-01-14 17:23:43,"enfrente d ella papelería Toluca, entre Tenango y Cuautitlan toda la calle está llena de hoyos",Calle Otumba 409,50040,"19.2913194,-99.6683887",Sánchez,,19.2913194,-99.6683887
7906,Pendiente,Atención de Bacheo,2026-01-16 14:02:14,2026-02-03 11:53:06,"en la calle Miguel Hidalgo en san Pedro Totoltepec, no tiene mucho que nos arreglaron la calle y los de agua y saniamiento han venido desde el año pasado hacer reparaciones en la calle que ya estaba arreglada y dejan abierto, tenemos como 8 hoyos ya, y para evitar que se siga dañando la avenida que no puedan apoyar en bachar lo que ya han abierto ",Avenida M. Hidalgo Sur N,50226,"19.315850599999997,-99.57255389999999",,,19.3158506,-99.5725539
7915,Pendiente,Atención de Bacheo,2026-01-17 11:27:20,2026-01-22 10:20:43,casi frente a tie da de abarrotes calle que conecta a la estación del tren interurbano ,Calle Parque de Guadalupe 100,50100,"19.2838752,-99.6975471",Adolfo López Mateos,,19.2838752,-99.6975471
7919,Pendiente,Atención de Bacheo,2026-01-17 12:24:13,2026-01-22 11:31:08,baches frente a pastelería Maurens,Sor Juana Inés de La Cruz 107,50263,"19.2498836,-99.66367029999999",,,19.2498836,-99.6636703
7948,Pendiente,Atención de Bacheo,2026-01-20 12:44:19,2026-01-22 09:53:52,"Este bache lleva años en esta calle, en general la calle está pésima y se necesita un bacheo total ",Calle Ignacio Allende 9,50226,"latitude:19.306074650891105, longitude:-99.57033180033399",,,19.30607465,-99.5703318
8004,Pendiente,Atención de Bacheo,2026-01-23 08:57:23,2026-01-26 12:51:45,"Bache debido a reparación de fuga de agua, frente a la casa ubicado en obreros de Cananea 115 Col a Guadalupe ",Calle Obreros de Cananea 115,50010,"latitude:19.308867119662143, longitude:-99.64187107214842",La Maquinita,,19.30886712,-99.64187107
8012,Pendiente,Atención de Bacheo,2026-01-23 13:21:12,2026-01-26 13:05:02,"hay un bache muy grande donde caen muchos coches, el bache se encuentra enfrente del parque que está enfrente de la primaria Miguel alemán 

",Boulevard Isidro Fabela 204,50070,"19.2917909,-99.64130039999999",,,19.2917909,-99.6413004
8015,Pendiente,Atención de Bacheo,2026-01-23 13:50:21,2026-01-26 13:44:33,Bache en medio de la calle  en Fernando Quiroz  casi esq con constitución de 1857,Fernando Quiroz 308,50120,"19.280714,-99.66607839999999",Morelos,,19.280714,-99.6660784
8112,Pendiente,Atención de Bacheo,2026-01-28 19:47:38,2026-02-03 11:48:44,"avenida eucaliptos aún enfrente de la panadería luna (ENTRE CALLE AMATES Y TAMARINDOS, CALLE EUCALIPTOS, CORREGIR COORDENADA)",Camelinas 56-102,50210,"19.3544052,-99.593493",Sauces,,19.3544052,-99.593493
8126,Pendiente,Atención de Bacheo,2026-01-29 11:44:29,2026-02-03 11:29:57,esta en frente de un negocio de comida y a un lado de la secundaria Andrés Molina ,Las Palomas 11,50250,"19.2476688,-99.63256709999999",Metropolitana,,19.2476688,-99.6325671
8158,Pendiente,Atención de Bacheo,2026-01-30 15:07:12,2026-02-03 11:28:26,Está ubicado enfrente de Ozonoterapia y gasolinería en construcción ,Manuel Ma. Contreras Interior Sn,50150,"19.284809199999998,-99.63596629999999",San Sebastián,,19.2848092,-99.6359663
8169,Pendiente,Atención de Bacheo,2026-01-31 11:26:10,2026-02-03 11:23:34,"Esta entrando a la avenida principal de referencia de lado izquierdo está la secundaria Andrés Molina Enríquez y del lado derecho en la esquina está un puesto de carnitas ,urge que lo tapen los carros caen ahi",Las Palomas 31,50250,"19.247667699999997,-99.632673",Metropolitana,,19.2476677,-99.632673
8175,Pendiente,Atención de Bacheo,2026-01-31 18:39:57,2026-02-03 11:17:35,toda la  calle se encuentra en mal estado con terracería ,Juan Fernández Albarrán 188,50220,"19.3404933,-99.5875069",,,19.3404933,-99.5875069
8208,Pendiente,Atención de Bacheo,2026-02-03 11:56:09,2026-02-03 12:50:27,"varios baches sobre la calle los pinos,",Calle los Pinos 125,50263,"19.2547468,-99.67107639999999",,,19.2547468,-99.6710764
8213,Pendiente,Atención de Bacheo,2026-02-03 17:12:10,2026-02-04 16:57:42,bache grande,Calle los Pinos 125,50263,"19.2547468,-99.67107639999999",Capultitlán,,19.2547468,-99.6710764
8214,Pendiente,Atención de Bacheo,2026-02-03 17:17:19,2026-02-04 17:00:18,hay un bache y cada vez es más grande ,Calle los Pinos 124,50263,"19.2548359,-99.67085949999999",Capultitlán,,19.2548359,-99.6708595
8215,Pendiente,Atención de Bacheo,2026-02-03 19:32:14,2026-02-04 17:04:40,Meets gente a la cochera y se está formando una grieta continua que consecuentemente se hará bache ,Calle Valentín Gómez Farías 505,50130,"latitude:19.285202536860677, longitude:-99.65731594797207",Centro Histórico,,19.28520254,-99.65731595
8230,Pendiente,Atención de Bacheo,2026-02-04 13:52:25,2026-02-04 17:11:52,Se encuentra a un costado del súper barato entre la calle principal paseo toltepec y 5 de nov toltepec la calle está llena de baches enormes (CALLE LÁZARO CÁRDENAS),Lázaro Cárdenas,50285,"latitude:19.359506268931263, longitude:-99.70434409819434",San Martín Toltepec,,19.35950627,-99.7043441
8284,Pendiente,Atención de Bacheo,2026-02-06 15:20:36,2026-02-10 09:46:48,"metí reportes cuando estaba trabajando en la calle paralela a esta (ayuntamiento) me dijeron se arreglaría en cuanto tuvieran el reporte d sus jefes..ya se retiraron todos los trabajadores desde Diciembre, y nunca vinieron ni a revisar...es la única calle se toda la unidad ,q esta en pésimo estado...serian tan amables de decirme a donde tenemos q  ir  para q nos den solución. ya metí reportes a COCICOVI y no me.dan respuesta!!! que tengo q hacer? es la única calle.en pésimas condiciones en la unidad!! tenemos línea d gas natural...la cual falta poco para q esos tramos se dañe !!!",REFORMA Número 2211 506,50227,"19.317894,-99.5938479",San Mateo Otzacatipan,,19.317894,-99.5938479
8285,Pendiente,Atención de Bacheo,2026-02-06 15:33:43,2026-02-10 09:51:25,Enfrente del arco de vienvinidad (ESQUINA CALLE JOSÉ MARÍA MORELOS Y PAVÓN),Calle Fray Servando Teresa de Mier ,50228,"latitude:19.32215241741609, longitude:-99.60294857275568",San Mateo Otzacatipan,,19.32215242,-99.60294857
8320,Pendiente,Atención de Bacheo,2026-02-08 09:57:44,2026-02-10 10:10:35,El bache se encuentra justo en medio de la calle con un diámetro de más de 3 metros y la demás parte de la calle se está llenando de más baches ,Emiliano Zapata 108,50110,"19.2707131,-99.6944238",San Buenaventura,,19.2707131,-99.6944238
8331,Pendiente,Atención de Bacheo,2026-02-09 12:33:09,2026-02-10 13:52:55,Sobre bosques de flamboyanes fuera de la casa #153 esquina bosque de pino ,Calle Bosque de Flamboyanes 152,50180,"latitude:19.25666887505292, longitude:-99.65664035630513",Moderna De La Cruz,,19.25666888,-99.65664036
8351,Pendiente,Atención de Bacheo,2026-02-10 12:13:22,2026-02-10 14:07:07,Hay como 5 baches que se hacen por tanto tráfico de pipas de agua y camiones se necesita retapiAr la calle porque cuando tapan los baches vuelven a hacer ya los ha tapado y se sigue abriendo ,Calle José María Morelos y Pavón,50265,"latitude:19.248148513742418, longitude:-99.70500647728758",Cacalomacán,,19.24814851,-99.70500648
8352,Pendiente,Atención de Bacheo,2026-02-10 12:15:01,2026-02-10 14:09:15,"Se necesita retapizar la calle entera por tanto, paso de pipas de agua y siempre se vuelven a abrir. Los baches, están pegados del lado derecho de la calle y de la izquierda",Calle José María Morelos y Pavón,50265,"latitude:19.247738433242294, longitude:-99.7050358207801",Cacalomacán,,19.24773843,-99.70503582
8353,Pendiente,Atención de Bacheo,2026-02-10 12:16:36,2026-02-10 14:09:45,"Están del lado derecho izquierdo de la calle, se necesita retapizar toda la calle, por tanto paso de pipa de agua y camiones. Siempre se vuelven a abrir cuando tapan los baches",Calle José María Morelos y Pavón,50265,"latitude:19.24817688910915, longitude:-99.70515115608193",Cacalomacán,,19.24817689,-99.70515116
8354,Pendiente,Atención de Bacheo,2026-02-10 12:19:11,2026-02-10 14:11:22,"Está en medio de la calle, un hoyo muy grande, que necesita taparse, porque siempre le echan tierra encima y se vuelve a hacer",Calle Emiliano Zapata 1,50265,"latitude:19.24804006912742, longitude:-99.7056114996557",Cacalomacán,,19.24804007,-99.7056115
8473,Pendiente,Atención de Bacheo,2026-02-19 08:39:03,2026-02-23 11:21:52,"por campo uno más arriba esq. calle cedros (M.C. 19.248323, -99.707870)",Del Salto,50265,"19.2514655,-99.70707089999999",Cacalomacán,,19.2514655,-99.7070709
8474,Pendiente,Atención de Bacheo,2026-02-19 08:46:12,2026-02-23 11:17:51,"capillita Guadalupe (M.C. 19.248176, -99.708455)",La Joya (bifurcación) ,50265,"19.2481221,-99.70796519999999",Cacalomacán,Sagrado Corazón de Jesús,19.2481221,-99.7079652
8475,Pendiente,Atención de Bacheo,2026-02-19 08:55:11,2026-02-23 10:58:49,"la joya esquina primer privada la joya (M.C. 19.246159, -99.710931)",3era Cda. De la Joya ,50265,"19.246235,-99.7106025",Cacalomacán,Sagrado Corazón de Jesús,19.246235,-99.7106025
8508,Pendiente,Atención de Bacheo,2026-02-20 19:02:52,2026-02-23 10:39:40," toda la calle de Miguel Barragán  de Felipe berriozábal a Heriberto Enriquez cuenta con varios baches por lo que solicito el bacheo general en esta calle  por favor (M.C. 19.267610, -99.645672)",Calle General Marcelino García Barragán ,50190,"19.2679015,-99.6456276",Santa María De Las Rosas,,19.2679015,-99.6456276
8553,Pendiente,Atención de Bacheo,2026-02-22 16:25:57,2026-02-23 10:34:44,"calle guerrero por tortillería (M.C. 19.251708, -99.704135)",Av. Vicente Guerrero,50265,"19.247136299999998,-99.7077224",Cacalomacán,,19.2471363,-99.7077224
8555,Pendiente,Atención de Bacheo,2026-02-22 16:29:27,2026-02-23 10:11:40,"entrando por 3B (modificar coordenada, calle La Era)",Calle La Era,50250,"19.2517699,-99.70407639999999",Cacalomacán,,19.2517699,-99.7040764
8556,Pendiente,Atención de Bacheo,2026-02-22 16:34:04,2026-02-23 10:08:52,entrando por 3B,La Era 101,50250,"19.2513048,-99.70365179999999",Cacalomacán,,19.2513048,-99.7036518
8557,Pendiente,Atención de Bacheo,2026-02-22 16:36:42,2026-02-23 10:05:29,entrando por calle guerrero (calle La Era esquina con calle Tierra Colorada),La Era ,50265,"19.251431999999998,-99.70307679999999",Cacalomacán,,19.251432,-99.7030768
8582,Pendiente,Atención de Bacheo,2026-02-24 16:03:03,2026-02-26 09:47:53,"toda la calle chapultepec presenta problemas enormes de baches. 
se necesita atención urgentemente ",Chapultepec 116,50290,"19.3609695,-99.65089379999999",San Pablo Autopan,San Pablo Autopan,19.3609695,-99.6508938
8589,Pendiente,Atención de Bacheo,2026-02-24 18:27:08,2026-02-26 09:56:38,"calle con años sin mantenimiento (M.D. 19.346391, -99.643817)",Manuel Buendía Tellez Girón 852,50294,"19.3353164,-99.64175929999999",San Pablo Autopan,De Pueblo Nuevo,19.3353164,-99.6417593
8590,Pendiente,Atención de Bacheo,2026-02-24 18:29:03,2026-02-26 10:03:32,"urge mantenimiento (M.D. 19.347381, -99.643725)",Manuel Buendía Téllez Girón ,50294,"19.347857899999997,-99.6405856",San Pablo Autopan,De Pueblo Nuevo,19.3478579,-99.6405856
8595,Pendiente,Atención de Bacheo,2026-02-25 06:10:40,2026-02-26 10:07:56,"frente al garis (M.D. 19.353234, -99.642185)",5 de Mayo ,50294,"19.3533066,-99.6421057",San Pablo Autopan,De Pueblo Nuevo,19.3533066,-99.6421057
8608,Pendiente,Atención de Bacheo,2026-02-25 22:06:22,2026-02-26 10:12:56,bache enorme en calle Tenango,Tenango 609,50040,"19.294977,-99.6680645",Sánchez,,19.294977,-99.6680645
8609,Pendiente,Atención de Bacheo,2026-02-25 22:07:31,2026-02-26 10:13:45,Bache en calle Tenango ,Tenango 701,50040,"19.295238899999998,-99.6681084",Sánchez,,19.2952389,-99.6681084
8610,Pendiente,Atención de Bacheo,2026-02-25 22:08:45,2026-02-26 10:15:28,Toda la calle de Tenango está llena de Baches ,Tenango 707,50040,"19.2953994,-99.6680604",Sánchez,,19.2953994,-99.6680604
8631,Pendiente,Atención de Bacheo,2026-02-26 21:16:55,2026-02-27 19:18:28,Toda la calle de Tenango está llena de Baches,Tenango 510,50040,"19.2943461,-99.66785850000001",Sánchez,,19.2943461,-99.6678585
8632,Pendiente,Atención de Bacheo,2026-02-26 21:18:05,2026-02-27 19:19:05,otro bache ,Tenango 506,50040,"19.2941492,-99.6679403",Sánchez,,19.2941492,-99.6679403
8633,Pendiente,Atención de Bacheo,2026-02-26 21:19:19,2026-02-27 19:19:35,No puedo creer que tapen solo 1 de cada 3 baches. ,Tenango 605,50040,"19.294749499999998,-99.6680545",Sánchez,,19.2947495,-99.6680545
8634,Pendiente,Atención de Bacheo,2026-02-26 21:21:03,2026-02-27 19:19:59,Toda la calle de Tenango está llena de baches,Tenango 605,50040,"19.294838,-99.66815439999999",Sánchez,,19.294838,-99.6681544
8635,Pendiente,Atención de Bacheo,2026-02-26 21:23:00,2026-02-27 19:20:19,están haciendo puras cochinadas de trabajos con el bacheo en esta colonia.  ,Tenango 707,50040,"19.2953994,-99.6680604",Sánchez,,19.2953994,-99.6680604
8675,Pendiente,Atención de Bacheo,2026-03-02 12:19:13,2026-03-03 09:37:39,Quiero solicitar la reparación de un socavón en la calle de Fernando Moreno 402. En la colonia San Sebastián. Entre la calle de Gomes Farías y Santos Villa a una cuadra de Isidro Fabela.Cin un diámetro de 35 CM cúbicos. y con una profundidad de 59 CM . Cada día se está abriendo más y se ve claramente que se está uniendo la calle. La comunidad les pedimos que se realice la reparación de  este socavón para evitar futuras complicaciones. De antemano agradezco mucho la atención a esta petición. ,Fernando Moreno ,50150,"19.2861413,-99.6406049",San Sebastián,,19.2861413,-99.6406049
8693,Pendiente,Atención de Bacheo,2026-03-03 11:14:47,2026-03-05 12:36:01,"8 baches localizados en avenida rio papaloapan desde esquina isidro fabela hasta la calle mil cumbres el bache mas grande esta ubicado en la intersección de rio suchiate esquina rio papaloapan an lado del tope  en la colonia 3 caminos Soy el representante de la colonia dejo mi número 7226013543 como referencia el oxxo de trescaminos (M.D. 19.315427, -99.650925)",Río Papaloapan,50020,"19.3160025,-99.6513188",Santiago Miltepec,Las Misiones,19.3160025,-99.6513188
8717,Pendiente,Atención de Bacheo,2026-03-04 10:38:36,2026-03-05 12:40:54,El hoyo está en la mera esquina ,Doroteo Arango,50240,"latitude:19.293465478353244, longitude:-99.59121539633173",Santa María Totoltepec,,19.29346548,-99.5912154
8735,Pendiente,Atención de Bacheo,2026-03-05 10:06:41,2026-03-05 13:33:45,"En medio de la calle ha un hoyo de un metro y está cada vez más profundo
",Calzada de San Miguel ,50040,"latitude:19.296613654464544, longitude:-99.66333329565275",Barrios Tradicionales,,19.29661365,-99.6633333
8739,Pendiente,Atención de Bacheo,2026-03-05 13:29:36,2026-03-05 13:41:59,"calle central de la colonia y en general la colonia (M.D. 19.258203, -99.657080)",Bosque de Pirules ,50180,"19.2576468,-99.65688089999999",Moderna De La Cruz,,19.2576468,-99.6568809
8760,Pendiente,Atención de Bacheo,2026-03-06 10:33:41,2026-03-13 10:37:40,"La calle está llena de baches desde hace dos años (M.D. 19.394989, -99.640066)",134,50295,"latitude:19.394726407824766, longitude:-99.63894498852531",San Pablo Autopan,,19.39472641,-99.63894499
8761,Pendiente,Atención de Bacheo,2026-03-06 10:36:51,2026-03-13 10:39:02,"La avenida de acceso al fraccionamiento Galaxia Toluca está llena de baches grandes (M.D. 19.394692, -99.644706)",134,50295,"latitude:19.394341665402106, longitude:-99.64440523593477",San Pablo Autopan,,19.39434167,-99.64440524
8762,Pendiente,Atención de Bacheo,2026-03-06 10:39:09,2026-03-13 10:41:21,Calle con bache grandes sin reparar desde hace dos años,Vía Láctea,50295,"latitude:19.39655594277104, longitude:-99.64627312613531",San Pablo Autopan,,19.39655594,-99.64627313
8774,Pendiente,Atención de Bacheo,2026-03-07 13:42:22,2026-03-13 10:52:10,"Sobre pedro ascencio a la altura de los jarochos son 3. baches grandes (M.D. 19.289296, -99.659969)",Calle Pedro Ascencio ,50080,"latitude:19.289434046165837, longitude:-99.65994494052492",Centro Histórico,,19.28943405,-99.65994494
8815,Pendiente,Atención de Bacheo,2026-03-10 14:29:46,2026-03-13 11:59:27,"Hay demasiados baches, no hay ni por donde pasar desde  la calle ototocuitlapilco hasta  E la calle de Elsa ",Calle Sonia,50140,"latitude:19.272024003166926, longitude:-99.63818421145713",Santa María De Las Rosas,,19.272024,-99.63818421
8819,Pendiente,Atención de Bacheo,2026-03-10 16:22:26,2026-03-13 12:03:25,Se detengo un bache en la vialidad de Marcelino Garcia Barragán (entre las calles de Lago Tanganica y Lago Constanza) ,General Marcelino García Barragán ,50170,"19.2649962,-99.6633377",Felipe Chávez Becerril,,19.2649962,-99.6633377
8823,Pendiente,Atención de Bacheo,2026-03-10 16:39:38,2026-03-13 12:10:58,Se detectó un bache en la vialidad de Marcelino Garcia Barragán (entre las calles de Lago Constanza y Lago Aral),General Marcelino García Barragán ,50170,"19.265091299999998,-99.6641121",Felipe Chávez Becerril,,19.2650913,-99.6641121
8824,Pendiente,Atención de Bacheo,2026-03-10 16:46:53,2026-03-13 12:13:47,Se detectó un bache en la vialidad de Andrés Quintana Roo (esquina con Marcelino Garcia Barragán)así también del tramo de Agustín Olachea hasta la Avenida Solidarida las Torres hay un aproximado de 20 a 30 baches),Calle Andrés Quintana Roo Norte ,50170,"19.2655895,-99.6644201",Felipe Chávez Becerril,,19.2655895,-99.6644201
8857,Pendiente,Atención de Bacheo,2026-03-12 12:12:28,2026-03-13 13:15:00,"rumbo al panteón (M.D. 19.253735, -99.699741)",Cda. Constituyentes,50265,"19.2533829,-99.7006791",Cacalomacán,,19.2533829,-99.7006791
8858,Pendiente,Atención de Bacheo,2026-03-12 12:14:52,2026-03-13 13:19:42,"Rumbo al panteon (19.253761, -99.700139)",Cda. Constituyentes ,50250,"19.2538047,-99.69968829999999",Cacalomacán,,19.2538047,-99.6996883
8859,Pendiente,Atención de Bacheo,2026-03-12 12:18:52,2026-03-13 13:33:36,"rumbo al panteón (M.D. 19.253795, -99.700721)",Cda. Constituyentes ,50265,"19.2536649,-99.7001817",Cacalomacán,,19.2536649,-99.7001817
8860,Pendiente,Atención de Bacheo,2026-03-12 12:21:02,2026-03-13 13:39:37,"rumbo al panteon (M.D. 19.253847, -99.701443)",Cda. Constituyentes ,50265,"19.2537384,-99.70066779999999",Cacalomacán,,19.2537384,-99.7006678
8876,Pendiente,Atención de Bacheo,2026-03-12 14:00:54,2026-03-13 13:41:11,"Hay varios baches “hermanos” o juntos frente a Puebla 601 y no hay por donde pasar por los autos estacionados
",Puebla ,50140,"latitude:19.271635359025172, longitude:-99.63981644909035",Santa María De Las Rosas,,19.27163536,-99.63981645
8880,Pendiente,Atención de Bacheo,2026-03-12 17:41:24,2026-03-13 13:45:47,"Bache que abarca más de media calle. Favor de atender a la brevedad. (M.D. 19.355508, -99.593491)",Paseo de Los Eucaliptos ,50210,"latitude:19.35537372993, longitude:-99.59343049514986",Sauces,,19.35537373,-99.5934305
8884,Pendiente,Atención de Bacheo,2026-03-12 17:54:47,2026-03-13 13:53:42,"Bache profundo. Rehabilitación de tope. Abarca ambos carriles. Calle funcional de Santin (M.D. 19.370456, -99.585130)",Carlos Arruza,50214,"latitude:19.37067641464458, longitude:-99.5850404017495",Sauces,,19.37067641,-99.5850404
8885,Pendiente,Atención de Bacheo,2026-03-12 18:24:00,2026-03-13 13:56:07,Bache frente al número 163,Calle Árbol Las Manitas ,50060,"latitude:19.29723292493186, longitude:-99.64612273981406",Árbol De Las Manitas,,19.29723292,-99.64612274
8889,Pendiente,Atención de Bacheo,2026-03-13 09:51:56,2026-03-13 14:41:05,"Se encuentra en la esquina de  la calle niños héroes y la cruz frente a una edificación de arcos de ladrillo 

",Niños Héroes,50110,"latitude:19.267048044667867, longitude:-99.69658674872373",San Buenaventura,,19.26704804,-99.69658675
8893,Pendiente,Atención de Bacheo,2026-03-13 13:07:17,2026-03-13 14:44:58,"frente a la gasolinera G500 sobre calle insurgentes en Santiago Tlaxomulco hay bache, se requiere bacheo (M.D. 19.311897, -99.670492)",Avenida Insurgentes ,50280,"19.312459099999998,-99.6705515",Santiago Tlaxomulco,,19.3124591,-99.6705515
8894,Pendiente,Atención de Bacheo,2026-03-13 13:09:33,2026-03-13 15:27:58,"hay un bache sobre insurgentes frente al consultorio dental en Santiago Tlaxomulco (M.D. 19.311491, -99.670478)",Avenida Insurgentes ,50280,"19.3119433,-99.6705396",Santiago Tlaxomulco,,19.3119433,-99.6705396
8896,Pendiente,Atención de Bacheo,2026-03-13 13:22:17,2026-03-13 16:05:59,"dos baches, se requiere bacheo, sobre la calle Lázaro Cárdenas, frente a un molino de maíz (M.D. 19.309688, -99.670951) ",Lázaro Cárdenas,50284,"19.3096425,-99.6710086",Santiago Tlaxomulco,,19.3096425,-99.6710086
8897,Pendiente,Atención de Bacheo,2026-03-13 13:34:28,2026-03-17 10:58:50,"grupo de baches pequeños, se requiere bacheo se encuentran en la intersección de las dos calles (M.D. 19.306636, -99.673698)
",Niños Héroes ,50284,"19.3067203,-99.6735798",Santiago Tlaxomulco,,19.3067203,-99.6735798
8898,Pendiente,Atención de Bacheo,2026-03-13 13:47:52,2026-03-17 11:19:01,"hay baches y cuartiamiento que ya se está botando, se requiere bacheo (MD: 19.300696, -99.673922)
",Cerrada Guadalupe Victoria,50284,"19.3006964,-99.67392249999999",Santiago Tlaxomulco,,19.3006964,-99.6739225
8905,Pendiente,Atención de Bacheo,2026-03-13 17:46:44,2026-03-17 13:03:20,"situación de baches en todo este tramo, no terminaron de arreglar esta calle y solicitamos un tope porque bajan y suben sin precaución (MD: 19.264960, -99.682554)",15 de Mayo,50110,"19.264818599999998,-99.68247889999999",San Buenaventura,,19.2648186,-99.6824789
8906,Pendiente,Atención de Bacheo,2026-03-13 17:51:05,2026-03-17 13:05:05,"Calle con gran cantidad de baches, y solicitamos colocar un tope, por bajan y suben sin precaución 
POR FAVOR ATIENDAN MI REPORTE, VECINOS AFECTADOS POR ESTOS BACHES Y MAS CUANDO LLUEVE (MD: 19.264961, -99.682539)",Miguel Negrete ,50110,"19.264818599999998,-99.68247889999999",San Buenaventura,,19.2648186,-99.6824789
8915,Pendiente,Atención de Bacheo,2026-03-14 13:52:17,2026-03-17 13:15:31,Bache a 100 mts de Matlazincas,Calle Bajada de Los Álamos,50050,"latitude:19.295752151496337, longitude:-99.65018433032124",Árbol De Las Manitas,,19.29575215,-99.65018433
8922,Pendiente,Atención de Bacheo,2026-03-14 13:56:07,2026-03-17 14:46:40,Bache en bajada,Calle Subida de Los Álamos 109,50060,"latitude:19.296313077819583, longitude:-99.64895293722172",Árbol De Las Manitas,,19.29631308,-99.64895294
8930,Pendiente,Atención de Bacheo,2026-03-14 18:11:57,2026-03-17 14:32:57,El bache está justo en la incorporación a 5 de mayo por lo no puedes tomar 5 de mayo pegado al sentido y te tienes que centrar para ti corporación ,Calle Leonardo Rodríguez Alcaine,50150,"latitude:19.27569521655249, longitude:-99.63523664966722",San Sebastián,,19.27569522,-99.63523665
8935,Pendiente,Atención de Bacheo,2026-03-16 11:22:32,2026-03-17 14:39:07,"El bache se encuentra en medio de la calle Reforma casi esquina con Martha Rodríguez (DM: 19.245878, -99.670526)",REFORMA SUR,50260,"19.246135799999998,-99.6704125",Capultitlán,,19.2461358,-99.6704125
8936,Pendiente,Atención de Bacheo,2026-03-16 11:27:00,2026-03-17 14:49:59,"El bache se encuentra en la esquina de Reforma e insurgentes ya se empieza a hacer grande (MD: 19.246768, -99.670489)",Calle Reforma 205,50264,"19.2463616,-99.67047860000001",Capultitlán,,19.2463616,-99.6704786
8938,Pendiente,Atención de Bacheo,2026-03-16 12:29:32,2026-03-17 14:56:33,"Muchos baches a lo largo de esa calle difícil transitar (DM: 19.302940, -99.592706)",Privada Doroteo Arango 62,50240,"latitude:19.295844264862637, longitude:-99.59058484071824",San Pablo Autopan,,19.29584426,-99.59058484
8940,Pendiente,Atención de Bacheo,2026-03-16 12:38:36,2026-03-17 15:07:35,Se detectó dos baches en la vialidad de Lago Constanza ,Lago Constanza,50170,"19.263168399999998,-99.66412249999999",Felipe Chávez Becerril,,19.2631684,-99.6641225
8959,Pendiente,Atención de Bacheo,2026-03-17 16:20:58,2026-03-17 16:42:40,Enfrente hay una tienda y 4 pinos,Jesús González ,50170,"19.2652586,-99.6802383",Seminario 2 de marzo,,19.2652586,-99.6802383
8960,Pendiente,Atención de Bacheo,2026-03-17 16:30:12,2026-03-17 16:44:55,buenas tardes solitamos el bacheo de al menos 10 baches y colocacion de un tope ya que los vehiculos y camiones de transporte urbano pasan demasiado rapido,Jesús González,50170,"19.2652657,-99.68048089999999",Seminario 2 de marzo,,19.2652657,-99.6804809
8968,Pendiente,Atención de Bacheo,2026-03-18 09:32:20,2026-03-18 10:04:02,"Este se encuentra atrás del hospital Nicolás San Juan y aún costado del edificio del PRI, urgen topes porque no permiten el tránsito seguro para el peatón, acelerando en ocasiones. (MD: 19.315974, -99.637781)",David Alvarado Guerrero ,50010,"19.3161441,-99.6376528",Santa Cruz Atzcapotzaltongo,,19.3161441,-99.6376528
8971,Pendiente,Atención de Bacheo,2026-03-18 13:36:35,2026-03-19 12:31:02,Enfrente de una vulcanizadora de llantas,Carretera de Toluca de Lerdo,50264,"latitude:19.236349579587138, longitude:-99.66137512975169",Capultitlán,,19.23634958,-99.66137513
8988,Pendiente,Atención de Bacheo,2026-03-19 12:18:30,2026-03-19 12:35:50,sobre calle Manuel Buendía enfrente de la carnicería a un lado de un depósito Tecate,5 de Febrero,50294,"19.3464887,-99.6439079",San Pablo Autopan,,19.3464887,-99.6439079